<?xml version="1.0" encoding="utf-8"?>
<lom:lom xsi:schemaLocation="http://ocw.mit.edu/xmlns/LOM http://ocw.mit.edu/xsd/LOM/lomv1.0/lomv1.0.xsd http://ocw.mit.edu/xmlns/ocwLOM http://ocw.mit.edu/xsd/ocwLOM/ocwlomv1.0/ocwlomv1.0.xsd" xmlns="http://ocw.mit.edu/xmlns/LOM" xmlns:lom="http://ocw.mit.edu/xmlns/LOM" xmlns:ocwlom="http://ocw.mit.edu/xmlns/ocwLOM" xmlns:xsi="http://www.w3.org/2001/XMLSchema-instance">
  <!--************************************************************ This LOM
			record was produced by an automatic transformation to IEEE LOM, from
			OpenCourseWare's (OCW) initial version of Learning Object Metadata (LOM). (The
			initial version was based on IMS Global Consortium's LOM.)
			********************************************************--><!--***************************--><!--**** GENERAL ****--><!--***************************--><lom:general uniqueElementName="general"><lom:title uniqueElementName="title"><lom:string language="en">Problem Set 5, System Identification</lom:string></lom:title><lom:description><lom:string language="en">This resource provides information about suggested reading and consist of problem questions for problem set 5.</lom:string></lom:description><lom:language>en</lom:language><lom:aggregationLevel uniqueElementName="aggregationLevel"><lom:source uniqueElementName="source">LOMv1.0</lom:source><lom:value uniqueElementName="value">2</lom:value></lom:aggregationLevel></lom:general><!--***************************--><!--**** LIFECYCLE ****--><!--***************************--><lom:lifeCycle uniqueElementName="lifeCycle"><lom:version uniqueElementName="version"><lom:string language="en">Spring 2005</lom:string></lom:version><lom:contribute><lom:role><lom:source uniqueElementName="source">OCW_LOMv1.0</lom:source><lom:value uniqueElementName="value">Author</lom:value></lom:role><lom:entity>Dahleh, Munther</lom:entity><lom:date uniqueElementName="date"><lom:dateTime uniqueElementName="dateTime">2006-07-12</lom:dateTime></lom:date></lom:contribute></lom:lifeCycle><!--***************************--><!--**** TECHNICAL ****--><!--***************************--><lom:technical uniqueElementName="technical"><lom:location>/NR/rdonlyres/4FCE4016-2D21-40E4-9871-96DD85E4029F/0/ps5_6_435.pdf</lom:location><lom:format>application/pdf</lom:format><lom:otherPlatformRequirements><lom:string language="en">Adobe® Reader® software is required to view this .pdf file.</lom:string></lom:otherPlatformRequirements><lom:size>138887</lom:size><lom:requirement><lom:orComposite><lom:type uniqueElementName="type"><lom:source uniqueElementName="source">LOMv1.0</lom:source><lom:value uniqueElementName="value">browser</lom:value></lom:type><lom:name uniqueElementName="name"><lom:source uniqueElementName="source">LOMv1.0</lom:source><lom:value uniqueElementName="value">ms-internet explorer</lom:value></lom:name><lom:minimumVersion uniqueElementName="minimumVersion">5.1</lom:minimumVersion></lom:orComposite><lom:orComposite><lom:type uniqueElementName="type"><lom:source uniqueElementName="source">LOMv1.0</lom:source><lom:value uniqueElementName="value">browser</lom:value></lom:type><lom:name uniqueElementName="name"><lom:source uniqueElementName="source">LOMv1.0</lom:source><lom:value uniqueElementName="value">netscape communicator</lom:value></lom:name><lom:minimumVersion uniqueElementName="minimumVersion">4.7</lom:minimumVersion></lom:orComposite></lom:requirement></lom:technical><!--***************************--><!--**** EDUCATIONAL ****--><!--***************************--><lom:educational><lom:learningResourceType><lom:source uniqueElementName="source">LOMv1.0</lom:source><lom:value uniqueElementName="value">exercise</lom:value></lom:learningResourceType><lom:context><lom:source uniqueElementName="source">OCW_LOMv1.0</lom:source><lom:value uniqueElementName="value">Graduate</lom:value></lom:context><lom:description><lom:string language="en">Homework assignment.</lom:string></lom:description></lom:educational><!--***************************--><!--**** RIGHTS ****--><!--***************************--><lom:rights uniqueElementName="rights"><lom:copyrightAndOtherRestrictions uniqueElementName="copyrightAndOtherRestrictions"><lom:source uniqueElementName="source">LOMv1.0</lom:source><lom:value uniqueElementName="value">yes</lom:value></lom:copyrightAndOtherRestrictions><lom:cost><lom:source uniqueElementName="source">LOMv1.0</lom:source><lom:value uniqueElementName="value">no</lom:value></lom:cost><lom:description><lom:string language="en">This site (c) Massachusetts Institute of Technology 2003. Content within individual courses is (c) by the individual authors unless otherwise noted. The Massachusetts Institute of Technology is providing this Work (as defined below) under the terms of this Creative Commons public license ("CCPL" or "license"). The Work is protected by copyright and/or other applicable law. Any use of the work other than as authorized under this license is prohibited. By exercising any of the rights to the Work provided here, You (as defined below) accept and agree to be bound by the terms of this license. The Licensor, the Massachusetts Institute of Technology, grants You the rights contained here in consideration of Your acceptance of such terms and conditions.</lom:string></lom:description></lom:rights><!--***************************--><!--**** RELATION ****--><!--***************************--><lom:relation><lom:kind uniqueElementName="kind"><lom:source uniqueElementName="source">LOMv1.0</lom:source><lom:value uniqueElementName="value">ispartof</lom:value></lom:kind><lom:resource uniqueElementName="resource"><lom:identifier><lom:catalog uniqueElementName="catalog">OCW Master Course Number</lom:catalog><lom:entry uniqueElementName="entry">6.435 System Identification Spring 2005</lom:entry></lom:identifier><lom:description><lom:string language="en">Mathematical models of systems from observations of their behavior. Time series, state-space, and input-output models. Model structures, parametrization, and identifiability. Non-parametric methods. Prediction error methods for parameter estimation, convergence, consistency, andasymptotic distribution. Relations to maximum likelihood estimation. Recursive estimation; relation to Kalman filters; structure determination; order estimation; Akaike criterion; and bounded but unknown noise models. Robustness and practical issues. Alternate years.</lom:string></lom:description></lom:resource></lom:relation><!--***************************--><!--**** CLASSIFICATION ****--><!--***************************--><lom:classification><lom:taxonPath><lom:source uniqueElementName="source"><lom:string language="en">CIP</lom:string></lom:source><lom:taxon><lom:id uniqueElementName="id">300601</lom:id><lom:entry uniqueElementName="entry"><lom:string language="en">Systems Science and Theory</lom:string></lom:entry></lom:taxon></lom:taxonPath><lom:taxonPath><lom:source uniqueElementName="source"><lom:string language="en">CIP</lom:string></lom:source><lom:taxon><lom:id uniqueElementName="id">270303</lom:id><lom:entry uniqueElementName="entry"><lom:string language="en">Computational Mathematics</lom:string></lom:entry></lom:taxon></lom:taxonPath><lom:keyword><lom:string language="en">mathematical models</lom:string></lom:keyword><lom:keyword><lom:string language="en">time series</lom:string></lom:keyword><lom:keyword><lom:string language="en">state-space</lom:string></lom:keyword><lom:keyword><lom:string language="en">input-output models</lom:string></lom:keyword><lom:keyword><lom:string language="en">model structures</lom:string></lom:keyword><lom:keyword><lom:string language="en">parametrization</lom:string></lom:keyword><lom:keyword><lom:string language="en">identifiability</lom:string></lom:keyword><lom:keyword><lom:string language="en">non-parametric methods</lom:string></lom:keyword><lom:keyword><lom:string language="en">prediction error</lom:string></lom:keyword><lom:keyword><lom:string language="en">parameter estimation</lom:string></lom:keyword><lom:keyword><lom:string language="en">convergence</lom:string></lom:keyword><lom:keyword><lom:string language="en">consistency</lom:string></lom:keyword><lom:keyword><lom:string language="en">andasymptotic distribution</lom:string></lom:keyword><lom:keyword><lom:string language="en">maximum likelihood estimation</lom:string></lom:keyword><lom:keyword><lom:string language="en">recursive estimation</lom:string></lom:keyword><lom:keyword><lom:string language="en">Kalman filters</lom:string></lom:keyword><lom:keyword><lom:string language="en">structure determination</lom:string></lom:keyword><lom:keyword><lom:string language="en">order estimation</lom:string></lom:keyword><lom:keyword><lom:string language="en">Akaike criterion</lom:string></lom:keyword><lom:keyword><lom:string language="en">bounded noise models</lom:string></lom:keyword><lom:keyword><lom:string language="en">robustness</lom:string></lom:keyword></lom:classification></lom:lom>