<?xml version="1.0" encoding="UTF-8"?>
<manifest identifier="urn_edu.mit.ocw_6-435Spring-2005" version="2007-08-22T13:46:37" cwsp:packageType="Course" xml:base="6-435Spring-2005/" xmlns="http://www.imsglobal.org/xsd/imscp_v1p1" xmlns:xsi="http://www.w3.org/2001/XMLSchema-instance" xmlns:adlcp="http://www.adlnet.org/xsd/adlcp_rootv1p2" xmlns:cwsp="http://www.dspace.org/xmlns/cwspace_imscp" xmlns:ocw="http://ocw.mit.edu/xmlns/ocw_imscp" xmlns:lom="http://ocw.mit.edu/xmlns/LOM" xsi:schemaLocation="http://www.imsglobal.org/xsd/imscp_v1p1 http://www.imsglobal.org/xsd/imscp_v1p1.xsd 	http://www.adlnet.org/xsd/adlcp_rootv1p2 http://www.adlnet.org/xsd/adlcp_rootv1p2.xsd http://www.dspace.org/xmlns/cwspace_imscp http://www.dspace.org/xsd/cwspace_imscp/version10/cwspace_imscpv10.xsd http://ocw.mit.edu/xmlns/ocw_imscp http://ocw.mit.edu/xsd/ocw_imscp/version10/ocw_imscpv10.xsd http://ocw.mit.edu/xmlns/LOM http://ocw.mit.edu/xsd/LOM/lomv1.0/lomv1.0.xsd">
  <metadata>
    <schema>IMS Content</schema>
    <schemaversion>1.1</schemaversion>
    <cwsp:packageMetadata>
      <cwsp:sourceSystem>OCW</cwsp:sourceSystem>
      <cwsp:profile>CWSpace</cwsp:profile>
      <cwsp:profileVersion>0.1</cwsp:profileVersion>
    </cwsp:packageMetadata>
    <lom:general uniqueElementName="general">
      <lom:title uniqueElementName="title">
        <lom:string language="en">System Identification</lom:string>
      </lom:title>
      <lom:identifier>
        <lom:catalog uniqueElementName="catalog">OCW Master Course Number</lom:catalog>
        <lom:entry uniqueElementName="entry">6.435</lom:entry>
      </lom:identifier>
    </lom:general>
    <lom:lifecycle uniqueElementName="lifeCycle">
      <lom:version uniqueElementName="version">
        <lom:string language="en">Spring 2005</lom:string>
      </lom:version>
      <lom:contribute>
        <lom:role>
          <lom:source uniqueElementName="source">OCW_LOMv1.0</lom:source>
          <lom:value uniqueElementName="value">Author</lom:value>
        </lom:role>
        <lom:entity>Dahleh, Munther</lom:entity>
        <lom:date uniqueElementName="date">
          <lom:dateTime uniqueElementName="dateTime">2006-07-12</lom:dateTime>
        </lom:date>
      </lom:contribute>
    </lom:lifecycle>
    <adlcp:location>OcwWeb/Electrical-Engineering-and-Computer-Science/6-435Spring-2005/CourseHome.xml</adlcp:location>
  </metadata>
  <organizations default="ocw_6-435Spring-2005">
    <organization identifier="ocw_6-435Spring-2005">
      <title>System Identification</title>
      <item identifier="i_6-435Spring-2005.CourseHome" identifierref="r_OcwWeb.Electrical-Engineering-and-Computer-Science.6-435Spring-2005.CourseHome.index.htm" ocw:sectionTemplateType="CourseHomePage" ocw:sectionTemplateVersion="2006-07-12">
        <title>System Identification</title>
        <item identifier="i_6-435Spring-2005.CourseHome.chp_noisy_output.jpg" identifierref="r_NR.rdonlyres.Electrical-Engineering-and-Computer-Science.6-435Spring-2005.404C799C-CDF3-48FB-9F9F-E1A793FF81E1.0.chp_noisy_output.jpg">
          <title>A Model for Noisy Outputs</title>
        </item>
      </item>
      <item identifier="i_6-435Spring-2005.Syllabus" identifierref="r_OcwWeb.Electrical-Engineering-and-Computer-Science.6-435Spring-2005.Syllabus.index.htm" ocw:sectionTemplateType="GenericOther" ocw:sectionTemplateVersion="2006-07-12">
        <title>Syllabus</title>
      </item>
      <item identifier="i_6-435Spring-2005.Calendar" identifierref="r_OcwWeb.Electrical-Engineering-and-Computer-Science.6-435Spring-2005.Calendar.index.htm" ocw:sectionTemplateType="GenericOther" ocw:sectionTemplateVersion="2006-07-12">
        <title>Calendar</title>
      </item>
      <item identifier="i_6-435Spring-2005.LectureNotes" identifierref="r_OcwWeb.Electrical-Engineering-and-Computer-Science.6-435Spring-2005.LectureNotes.index.htm" ocw:sectionTemplateType="GenericOther" ocw:sectionTemplateVersion="2006-07-12">
        <title>Lecture Notes</title>
        <item identifier="i_6-435Spring-2005.LectureNotes.lec1_6_435.pdf" identifierref="r_NR.rdonlyres.Electrical-Engineering-and-Computer-Science.6-435Spring-2005.37D7BF5E-0B06-4F7B-943A-8E3E8CC28616.0.lec1_6_435.pdf">
          <title>Review of Linear Systems, Review of Stochastic Processes, Defining a General Framework</title>
        </item>
        <item identifier="i_6-435Spring-2005.LectureNotes.lec2_6_435.pdf" identifierref="r_NR.rdonlyres.Electrical-Engineering-and-Computer-Science.6-435Spring-2005.1AE6140C-FA89-4098-9EB6-BB3BE3BBC3BE.0.lec2_6_435.pdf">
          <title>Introductory Examples for System Identification</title>
        </item>
        <item identifier="i_6-435Spring-2005.LectureNotes.lec3_6_435.pdf" identifierref="r_NR.rdonlyres.Electrical-Engineering-and-Computer-Science.6-435Spring-2005.DD53005A-AF65-47D7-B119-C9C150A9A811.0.lec3_6_435.pdf">
          <title>Nonparametric Identification</title>
        </item>
        <item identifier="i_6-435Spring-2005.LectureNotes.lec4_6_435.pdf" identifierref="r_NR.rdonlyres.Electrical-Engineering-and-Computer-Science.6-435Spring-2005.77DB16B6-9B20-4BF2-BD30-BC8D93C20A91.0.lec4_6_435.pdf">
          <title>Input Design, Persistence of Excitation, Pseudo-random Sequences</title>
        </item>
        <item identifier="i_6-435Spring-2005.LectureNotes.lec5_6_435.pdf" identifierref="r_NR.rdonlyres.Electrical-Engineering-and-Computer-Science.6-435Spring-2005.01C609DC-6768-496D-953F-07F5FC3BCA69.0.lec5_6_435.pdf">
          <title>Least Squares, Statistical Properties</title>
        </item>
        <item identifier="i_6-435Spring-2005.LectureNotes.lec6_6_435.pdf" identifierref="r_NR.rdonlyres.Electrical-Engineering-and-Computer-Science.6-435Spring-2005.DE84F3F7-B763-4A97-A9EC-CF017E1A98D8.0.lec6_6_435.pdf">
          <title>Parametrized Model Structures, One-step Predictor, Identifiability</title>
        </item>
        <item identifier="i_6-435Spring-2005.LectureNotes.lec7_6_435.pdf" identifierref="r_NR.rdonlyres.Electrical-Engineering-and-Computer-Science.6-435Spring-2005.E3C1B8CC-7A8D-4616-885A-A882153F8572.0.lec7_6_435.pdf">
          <title>Parameter Estimation Methods, Minimum Prediction Error Paradigm, Maximum Likelihood</title>
        </item>
        <item identifier="i_6-435Spring-2005.LectureNotes.lec8_6_435.pdf" identifierref="r_NR.rdonlyres.Electrical-Engineering-and-Computer-Science.6-435Spring-2005.178A9802-D68A-40EC-8ECE-2A051D1B806C.0.lec8_6_435.pdf">
          <title>Convergence and Consistency, Informative Data, Convergence to the True Parameters</title>
        </item>
        <item identifier="i_6-435Spring-2005.LectureNotes.lec9_6_435.pdf" identifierref="r_NR.rdonlyres.Electrical-Engineering-and-Computer-Science.6-435Spring-2005.414AE779-CC8D-4959-891B-676E961AD467.0.lec9_6_435.pdf">
          <title>Asymptotic Distribution of PEM</title>
        </item>
        <item identifier="i_6-435Spring-2005.LectureNotes.lec10_6_435.pdf" identifierref="r_NR.rdonlyres.Electrical-Engineering-and-Computer-Science.6-435Spring-2005.3034CCFD-EB8E-468B-B202-2838622A2E92.0.lec10_6_435.pdf">
          <title>Instrumental Variable Methods, Identification in Closed Loop, Asymptotic Results</title>
        </item>
        <item identifier="i_6-435Spring-2005.LectureNotes.lec11_6_435.pdf" identifierref="r_NR.rdonlyres.Electrical-Engineering-and-Computer-Science.6-435Spring-2005.6971B2A0-C3F2-4BEA-AA26-735272B76C33.0.lec11_6_435.pdf">
          <title>Computation, Levinson Algorithm, Recursive Estimation</title>
        </item>
        <item identifier="i_6-435Spring-2005.LectureNotes.lec12_6_435.pdf" identifierref="r_NR.rdonlyres.Electrical-Engineering-and-Computer-Science.6-435Spring-2005.C368BE41-F5AF-4050-87FF-DE1CB3BB1FD2.0.lec12_6_435.pdf">
          <title>Identification in Practice, Error Filtering, Order Estimation, Model Structure Validation, Examples</title>
        </item>
      </item>
      <item identifier="i_6-435Spring-2005.Assignments" identifierref="r_OcwWeb.Electrical-Engineering-and-Computer-Science.6-435Spring-2005.Assignments.index.htm" ocw:sectionTemplateType="GenericOther" ocw:sectionTemplateVersion="2006-07-12">
        <title>Assignments</title>
        <item identifier="i_6-435Spring-2005.Assignments.ps1_6_435.pdf" identifierref="r_NR.rdonlyres.Electrical-Engineering-and-Computer-Science.6-435Spring-2005.750F8CFB-36E8-43CC-8AA2-C125AFAFD779.0.ps1_6_435.pdf">
          <title>Problem Set 1, System Identification</title>
        </item>
        <item identifier="i_6-435Spring-2005.Assignments.ps2_6_435.pdf" identifierref="r_NR.rdonlyres.Electrical-Engineering-and-Computer-Science.6-435Spring-2005.3F111F60-9763-480F-AE59-C73F1569324E.0.ps2_6_435.pdf">
          <title>Problem Set 2, System Identification</title>
        </item>
        <item identifier="i_6-435Spring-2005.Assignments.ps2_sol_6_435.pdf" identifierref="r_NR.rdonlyres.Electrical-Engineering-and-Computer-Science.6-435Spring-2005.4996D068-1AEF-4233-97D8-7666AF484AFC.0.ps2_sol_6_435.pdf">
          <title>Problem Set 2 (Solution), System Identification</title>
        </item>
        <item identifier="i_6-435Spring-2005.Assignments.ps3_6_435.pdf" identifierref="r_NR.rdonlyres.Electrical-Engineering-and-Computer-Science.6-435Spring-2005.D0DB60EF-9D13-4DE9-9DC9-4F13833A9D3C.0.ps3_6_435.pdf">
          <title>Problem Set 3, System Identification</title>
        </item>
        <item identifier="i_6-435Spring-2005.Assignments.ps3_sol_6_435.pdf" identifierref="r_NR.rdonlyres.Electrical-Engineering-and-Computer-Science.6-435Spring-2005.B87509C9-138F-4C66-A8A6-8CD169CBEFF6.0.ps3_sol_6_435.pdf">
          <title>Problem Set 3 (Solution), System Identification</title>
        </item>
        <item identifier="i_6-435Spring-2005.Assignments.ps4_6_435.pdf" identifierref="r_NR.rdonlyres.Electrical-Engineering-and-Computer-Science.6-435Spring-2005.31938223-FB3B-4BD3-81DF-918DAD588003.0.ps4_6_435.pdf">
          <title>Problem Set 4, System Identification</title>
        </item>
        <item identifier="i_6-435Spring-2005.Assignments.ps5_6_435.pdf" identifierref="r_NR.rdonlyres.Electrical-Engineering-and-Computer-Science.6-435Spring-2005.4FCE4016-2D21-40E4-9871-96DD85E4029F.0.ps5_6_435.pdf">
          <title>Problem Set 5, System Identification</title>
        </item>
      </item>
      <item identifier="i_6-435Spring-2005.DiscussionGroup" identifierref="r_OcwWeb.Electrical-Engineering-and-Computer-Science.6-435Spring-2005.DiscussionGroup.index.htm" ocw:sectionTemplateType="GenericOther" ocw:sectionTemplateVersion="2006-07-12">
        <title>Discussion Group</title>
      </item>
      <item identifier="i_6-435Spring-2005.DownloadthisCourse" identifierref="r_OcwWeb.Electrical-Engineering-and-Computer-Science.6-435Spring-2005.DownloadthisCourse.index.htm" ocw:sectionTemplateType="DownloadPage" ocw:sectionTemplateVersion="2006-07-12">
        <title>Download this Course</title>
      </item>
      <item identifier="i_OcwWeb.Global.terms" identifierref="r_OcwWeb.web.terms.terms.index.htm">
        <title>Legal Notices</title>
      </item>
      <item identifier="i_OcwWeb.Global.terms" identifierref="r_OcwWeb.web.terms.terms.index.htm">
        <title>Privacy Statement</title>
      </item>
      <item identifier="i_OcwWeb.Global.trademarks" identifierref="r_OcwWeb.web.terms.trademarks.index.htm">
        <title>Trademark Notices</title>
      </item>
    </organization>
  </organizations>
  <resources>
    <resource identifier="r_OcwWeb.Electrical-Engineering-and-Computer-Science.6-435Spring-2005.CourseHome.index.htm" type="webcontent" href="OcwWeb/Electrical-Engineering-and-Computer-Science/6-435Spring-2005/CourseHome/index.htm">
      <metadata>
        <adlcp:location>OcwWeb/Electrical-Engineering-and-Computer-Science/6-435Spring-2005/CourseHome.xml</adlcp:location>
      </metadata>
      <file href="OcwWeb/Electrical-Engineering-and-Computer-Science/6-435Spring-2005/CourseHome/index.htm" />
      <dependency identifierref="webrenderrequirements.6-435Spring-2005" />
      <dependency identifierref="r_NR.rdonlyres.Electrical-Engineering-and-Computer-Science.6-435Spring-2005.404C799C-CDF3-48FB-9F9F-E1A793FF81E1.0.chp_noisy_output.jpg" />
    </resource>
    <resource identifier="r_NR.rdonlyres.Electrical-Engineering-and-Computer-Science.6-435Spring-2005.404C799C-CDF3-48FB-9F9F-E1A793FF81E1.0.chp_noisy_output.jpg" type="other">
      <metadata>
        <adlcp:location>OcwWeb/Electrical-Engineering-and-Computer-Science/6-435Spring-2005/chp_noisy_output.jpg.xml</adlcp:location>
      </metadata>
      <file href="NR/rdonlyres/Electrical-Engineering-and-Computer-Science/6-435Spring-2005/404C799C-CDF3-48FB-9F9F-E1A793FF81E1/0/chp_noisy_output.jpg" />
    </resource>
    <resource identifier="r_OcwWeb.Electrical-Engineering-and-Computer-Science.6-435Spring-2005.Syllabus.index.htm" type="webcontent" href="OcwWeb/Electrical-Engineering-and-Computer-Science/6-435Spring-2005/Syllabus/index.htm">
      <metadata>
        <adlcp:location>OcwWeb/Electrical-Engineering-and-Computer-Science/6-435Spring-2005/Syllabus.xml</adlcp:location>
      </metadata>
      <file href="OcwWeb/Electrical-Engineering-and-Computer-Science/6-435Spring-2005/Syllabus/index.htm" />
      <dependency identifierref="webrenderrequirements.6-435Spring-2005" />
    </resource>
    <resource identifier="r_OcwWeb.Electrical-Engineering-and-Computer-Science.6-435Spring-2005.Calendar.index.htm" type="webcontent" href="OcwWeb/Electrical-Engineering-and-Computer-Science/6-435Spring-2005/Calendar/index.htm">
      <metadata>
        <adlcp:location>OcwWeb/Electrical-Engineering-and-Computer-Science/6-435Spring-2005/Calendar.xml</adlcp:location>
      </metadata>
      <file href="OcwWeb/Electrical-Engineering-and-Computer-Science/6-435Spring-2005/Calendar/index.htm" />
      <dependency identifierref="webrenderrequirements.6-435Spring-2005" />
    </resource>
    <resource identifier="r_OcwWeb.Electrical-Engineering-and-Computer-Science.6-435Spring-2005.LectureNotes.index.htm" type="webcontent" href="OcwWeb/Electrical-Engineering-and-Computer-Science/6-435Spring-2005/LectureNotes/index.htm">
      <metadata>
        <adlcp:location>OcwWeb/Electrical-Engineering-and-Computer-Science/6-435Spring-2005/LectureNotes.xml</adlcp:location>
      </metadata>
      <file href="OcwWeb/Electrical-Engineering-and-Computer-Science/6-435Spring-2005/LectureNotes/index.htm" />
      <dependency identifierref="webrenderrequirements.6-435Spring-2005" />
    </resource>
    <resource identifier="r_NR.rdonlyres.Electrical-Engineering-and-Computer-Science.6-435Spring-2005.37D7BF5E-0B06-4F7B-943A-8E3E8CC28616.0.lec1_6_435.pdf" type="other">
      <metadata>
        <adlcp:location>OcwWeb/Electrical-Engineering-and-Computer-Science/6-435Spring-2005/lec1_6_435.pdf.xml</adlcp:location>
      </metadata>
      <file href="NR/rdonlyres/Electrical-Engineering-and-Computer-Science/6-435Spring-2005/37D7BF5E-0B06-4F7B-943A-8E3E8CC28616/0/lec1_6_435.pdf" />
    </resource>
    <resource identifier="r_NR.rdonlyres.Electrical-Engineering-and-Computer-Science.6-435Spring-2005.1AE6140C-FA89-4098-9EB6-BB3BE3BBC3BE.0.lec2_6_435.pdf" type="other">
      <metadata>
        <adlcp:location>OcwWeb/Electrical-Engineering-and-Computer-Science/6-435Spring-2005/lec2_6_435.pdf.xml</adlcp:location>
      </metadata>
      <file href="NR/rdonlyres/Electrical-Engineering-and-Computer-Science/6-435Spring-2005/1AE6140C-FA89-4098-9EB6-BB3BE3BBC3BE/0/lec2_6_435.pdf" />
    </resource>
    <resource identifier="r_NR.rdonlyres.Electrical-Engineering-and-Computer-Science.6-435Spring-2005.DD53005A-AF65-47D7-B119-C9C150A9A811.0.lec3_6_435.pdf" type="other">
      <metadata>
        <adlcp:location>OcwWeb/Electrical-Engineering-and-Computer-Science/6-435Spring-2005/lec3_6_435.pdf.xml</adlcp:location>
      </metadata>
      <file href="NR/rdonlyres/Electrical-Engineering-and-Computer-Science/6-435Spring-2005/DD53005A-AF65-47D7-B119-C9C150A9A811/0/lec3_6_435.pdf" />
    </resource>
    <resource identifier="r_NR.rdonlyres.Electrical-Engineering-and-Computer-Science.6-435Spring-2005.77DB16B6-9B20-4BF2-BD30-BC8D93C20A91.0.lec4_6_435.pdf" type="other">
      <metadata>
        <adlcp:location>OcwWeb/Electrical-Engineering-and-Computer-Science/6-435Spring-2005/lec4_6_435.pdf.xml</adlcp:location>
      </metadata>
      <file href="NR/rdonlyres/Electrical-Engineering-and-Computer-Science/6-435Spring-2005/77DB16B6-9B20-4BF2-BD30-BC8D93C20A91/0/lec4_6_435.pdf" />
    </resource>
    <resource identifier="r_NR.rdonlyres.Electrical-Engineering-and-Computer-Science.6-435Spring-2005.01C609DC-6768-496D-953F-07F5FC3BCA69.0.lec5_6_435.pdf" type="other">
      <metadata>
        <adlcp:location>OcwWeb/Electrical-Engineering-and-Computer-Science/6-435Spring-2005/lec5_6_435.pdf.xml</adlcp:location>
      </metadata>
      <file href="NR/rdonlyres/Electrical-Engineering-and-Computer-Science/6-435Spring-2005/01C609DC-6768-496D-953F-07F5FC3BCA69/0/lec5_6_435.pdf" />
    </resource>
    <resource identifier="r_NR.rdonlyres.Electrical-Engineering-and-Computer-Science.6-435Spring-2005.DE84F3F7-B763-4A97-A9EC-CF017E1A98D8.0.lec6_6_435.pdf" type="other">
      <metadata>
        <adlcp:location>OcwWeb/Electrical-Engineering-and-Computer-Science/6-435Spring-2005/lec6_6_435.pdf.xml</adlcp:location>
      </metadata>
      <file href="NR/rdonlyres/Electrical-Engineering-and-Computer-Science/6-435Spring-2005/DE84F3F7-B763-4A97-A9EC-CF017E1A98D8/0/lec6_6_435.pdf" />
    </resource>
    <resource identifier="r_NR.rdonlyres.Electrical-Engineering-and-Computer-Science.6-435Spring-2005.E3C1B8CC-7A8D-4616-885A-A882153F8572.0.lec7_6_435.pdf" type="other">
      <metadata>
        <adlcp:location>OcwWeb/Electrical-Engineering-and-Computer-Science/6-435Spring-2005/lec7_6_435.pdf.xml</adlcp:location>
      </metadata>
      <file href="NR/rdonlyres/Electrical-Engineering-and-Computer-Science/6-435Spring-2005/E3C1B8CC-7A8D-4616-885A-A882153F8572/0/lec7_6_435.pdf" />
    </resource>
    <resource identifier="r_NR.rdonlyres.Electrical-Engineering-and-Computer-Science.6-435Spring-2005.178A9802-D68A-40EC-8ECE-2A051D1B806C.0.lec8_6_435.pdf" type="other">
      <metadata>
        <adlcp:location>OcwWeb/Electrical-Engineering-and-Computer-Science/6-435Spring-2005/lec8_6_435.pdf.xml</adlcp:location>
      </metadata>
      <file href="NR/rdonlyres/Electrical-Engineering-and-Computer-Science/6-435Spring-2005/178A9802-D68A-40EC-8ECE-2A051D1B806C/0/lec8_6_435.pdf" />
    </resource>
    <resource identifier="r_NR.rdonlyres.Electrical-Engineering-and-Computer-Science.6-435Spring-2005.414AE779-CC8D-4959-891B-676E961AD467.0.lec9_6_435.pdf" type="other">
      <metadata>
        <adlcp:location>OcwWeb/Electrical-Engineering-and-Computer-Science/6-435Spring-2005/lec9_6_435.pdf.xml</adlcp:location>
      </metadata>
      <file href="NR/rdonlyres/Electrical-Engineering-and-Computer-Science/6-435Spring-2005/414AE779-CC8D-4959-891B-676E961AD467/0/lec9_6_435.pdf" />
    </resource>
    <resource identifier="r_NR.rdonlyres.Electrical-Engineering-and-Computer-Science.6-435Spring-2005.3034CCFD-EB8E-468B-B202-2838622A2E92.0.lec10_6_435.pdf" type="other">
      <metadata>
        <adlcp:location>OcwWeb/Electrical-Engineering-and-Computer-Science/6-435Spring-2005/lec10_6_435.pdf.xml</adlcp:location>
      </metadata>
      <file href="NR/rdonlyres/Electrical-Engineering-and-Computer-Science/6-435Spring-2005/3034CCFD-EB8E-468B-B202-2838622A2E92/0/lec10_6_435.pdf" />
    </resource>
    <resource identifier="r_NR.rdonlyres.Electrical-Engineering-and-Computer-Science.6-435Spring-2005.6971B2A0-C3F2-4BEA-AA26-735272B76C33.0.lec11_6_435.pdf" type="other">
      <metadata>
        <adlcp:location>OcwWeb/Electrical-Engineering-and-Computer-Science/6-435Spring-2005/lec11_6_435.pdf.xml</adlcp:location>
      </metadata>
      <file href="NR/rdonlyres/Electrical-Engineering-and-Computer-Science/6-435Spring-2005/6971B2A0-C3F2-4BEA-AA26-735272B76C33/0/lec11_6_435.pdf" />
    </resource>
    <resource identifier="r_NR.rdonlyres.Electrical-Engineering-and-Computer-Science.6-435Spring-2005.C368BE41-F5AF-4050-87FF-DE1CB3BB1FD2.0.lec12_6_435.pdf" type="other">
      <metadata>
        <adlcp:location>OcwWeb/Electrical-Engineering-and-Computer-Science/6-435Spring-2005/lec12_6_435.pdf.xml</adlcp:location>
      </metadata>
      <file href="NR/rdonlyres/Electrical-Engineering-and-Computer-Science/6-435Spring-2005/C368BE41-F5AF-4050-87FF-DE1CB3BB1FD2/0/lec12_6_435.pdf" />
    </resource>
    <resource identifier="r_OcwWeb.Electrical-Engineering-and-Computer-Science.6-435Spring-2005.Assignments.index.htm" type="webcontent" href="OcwWeb/Electrical-Engineering-and-Computer-Science/6-435Spring-2005/Assignments/index.htm">
      <metadata>
        <adlcp:location>OcwWeb/Electrical-Engineering-and-Computer-Science/6-435Spring-2005/Assignments.xml</adlcp:location>
      </metadata>
      <file href="OcwWeb/Electrical-Engineering-and-Computer-Science/6-435Spring-2005/Assignments/index.htm" />
      <dependency identifierref="webrenderrequirements.6-435Spring-2005" />
    </resource>
    <resource identifier="r_NR.rdonlyres.Electrical-Engineering-and-Computer-Science.6-435Spring-2005.750F8CFB-36E8-43CC-8AA2-C125AFAFD779.0.ps1_6_435.pdf" type="other">
      <metadata>
        <adlcp:location>OcwWeb/Electrical-Engineering-and-Computer-Science/6-435Spring-2005/ps1_6_435.pdf.xml</adlcp:location>
      </metadata>
      <file href="NR/rdonlyres/Electrical-Engineering-and-Computer-Science/6-435Spring-2005/750F8CFB-36E8-43CC-8AA2-C125AFAFD779/0/ps1_6_435.pdf" />
    </resource>
    <resource identifier="r_NR.rdonlyres.Electrical-Engineering-and-Computer-Science.6-435Spring-2005.3F111F60-9763-480F-AE59-C73F1569324E.0.ps2_6_435.pdf" type="other">
      <metadata>
        <adlcp:location>OcwWeb/Electrical-Engineering-and-Computer-Science/6-435Spring-2005/ps2_6_435.pdf.xml</adlcp:location>
      </metadata>
      <file href="NR/rdonlyres/Electrical-Engineering-and-Computer-Science/6-435Spring-2005/3F111F60-9763-480F-AE59-C73F1569324E/0/ps2_6_435.pdf" />
    </resource>
    <resource identifier="r_NR.rdonlyres.Electrical-Engineering-and-Computer-Science.6-435Spring-2005.4996D068-1AEF-4233-97D8-7666AF484AFC.0.ps2_sol_6_435.pdf" type="other">
      <metadata>
        <adlcp:location>OcwWeb/Electrical-Engineering-and-Computer-Science/6-435Spring-2005/ps2_sol_6_435.pdf.xml</adlcp:location>
      </metadata>
      <file href="NR/rdonlyres/Electrical-Engineering-and-Computer-Science/6-435Spring-2005/4996D068-1AEF-4233-97D8-7666AF484AFC/0/ps2_sol_6_435.pdf" />
    </resource>
    <resource identifier="r_NR.rdonlyres.Electrical-Engineering-and-Computer-Science.6-435Spring-2005.D0DB60EF-9D13-4DE9-9DC9-4F13833A9D3C.0.ps3_6_435.pdf" type="other">
      <metadata>
        <adlcp:location>OcwWeb/Electrical-Engineering-and-Computer-Science/6-435Spring-2005/ps3_6_435.pdf.xml</adlcp:location>
      </metadata>
      <file href="NR/rdonlyres/Electrical-Engineering-and-Computer-Science/6-435Spring-2005/D0DB60EF-9D13-4DE9-9DC9-4F13833A9D3C/0/ps3_6_435.pdf" />
    </resource>
    <resource identifier="r_NR.rdonlyres.Electrical-Engineering-and-Computer-Science.6-435Spring-2005.B87509C9-138F-4C66-A8A6-8CD169CBEFF6.0.ps3_sol_6_435.pdf" type="other">
      <metadata>
        <adlcp:location>OcwWeb/Electrical-Engineering-and-Computer-Science/6-435Spring-2005/ps3_sol_6_435.pdf.xml</adlcp:location>
      </metadata>
      <file href="NR/rdonlyres/Electrical-Engineering-and-Computer-Science/6-435Spring-2005/B87509C9-138F-4C66-A8A6-8CD169CBEFF6/0/ps3_sol_6_435.pdf" />
    </resource>
    <resource identifier="r_NR.rdonlyres.Electrical-Engineering-and-Computer-Science.6-435Spring-2005.31938223-FB3B-4BD3-81DF-918DAD588003.0.ps4_6_435.pdf" type="other">
      <metadata>
        <adlcp:location>OcwWeb/Electrical-Engineering-and-Computer-Science/6-435Spring-2005/ps4_6_435.pdf.xml</adlcp:location>
      </metadata>
      <file href="NR/rdonlyres/Electrical-Engineering-and-Computer-Science/6-435Spring-2005/31938223-FB3B-4BD3-81DF-918DAD588003/0/ps4_6_435.pdf" />
    </resource>
    <resource identifier="r_NR.rdonlyres.Electrical-Engineering-and-Computer-Science.6-435Spring-2005.4FCE4016-2D21-40E4-9871-96DD85E4029F.0.ps5_6_435.pdf" type="other">
      <metadata>
        <adlcp:location>OcwWeb/Electrical-Engineering-and-Computer-Science/6-435Spring-2005/ps5_6_435.pdf.xml</adlcp:location>
      </metadata>
      <file href="NR/rdonlyres/Electrical-Engineering-and-Computer-Science/6-435Spring-2005/4FCE4016-2D21-40E4-9871-96DD85E4029F/0/ps5_6_435.pdf" />
    </resource>
    <resource identifier="r_OcwWeb.Electrical-Engineering-and-Computer-Science.6-435Spring-2005.DiscussionGroup.index.htm" type="webcontent" href="OcwWeb/Electrical-Engineering-and-Computer-Science/6-435Spring-2005/DiscussionGroup/index.htm">
      <metadata>
        <adlcp:location>OcwWeb/Electrical-Engineering-and-Computer-Science/6-435Spring-2005/DiscussionGroup.xml</adlcp:location>
      </metadata>
      <file href="OcwWeb/Electrical-Engineering-and-Computer-Science/6-435Spring-2005/DiscussionGroup/index.htm" />
      <dependency identifierref="webrenderrequirements.6-435Spring-2005" />
    </resource>
    <resource identifier="r_OcwWeb.Electrical-Engineering-and-Computer-Science.6-435Spring-2005.DownloadthisCourse.index.htm" type="webcontent" href="OcwWeb/Electrical-Engineering-and-Computer-Science/6-435Spring-2005/DownloadthisCourse/index.htm">
      <metadata>
        <adlcp:location>OcwWeb/Electrical-Engineering-and-Computer-Science/6-435Spring-2005/DownloadthisCourse.xml</adlcp:location>
      </metadata>
      <file href="OcwWeb/Electrical-Engineering-and-Computer-Science/6-435Spring-2005/DownloadthisCourse/index.htm" />
      <dependency identifierref="webrenderrequirements.6-435Spring-2005" />
    </resource>
    <resource identifier="r_OcwWeb.search.AdvancedSearch.htm" type="webcontent" href="OcwWeb/search/AdvancedSearch.htm">
      <file href="OcwWeb/search/AdvancedSearch.htm" />
      <dependency identifierref="webrenderrequirements.6-435Spring-2005" />
    </resource>
    <resource identifier="r_OcwWeb.jsp.feedback.jsp" type="webcontent" href="OcwWeb/jsp/feedback.jsp">
      <file href="OcwWeb/jsp/feedback.jsp" />
      <dependency identifierref="webrenderrequirements.6-435Spring-2005" />
    </resource>
    <resource identifier="r_OcwWeb.web.terms.terms.index.htm" type="webcontent" href="OcwWeb/web/terms/terms/index.htm">
      <file href="OcwWeb/web/terms/terms/index.htm" />
      <file href="NR/rdonlyres/web/terms/1D740B05-8D4C-4275-A89A-4201AE04B184/0/share.png" />
      <file href="NR/rdonlyres/web/terms/1C429BE6-CF2D-4666-B01F-D8D94D5A697A/0/remix.png" />
      <file href="NR/rdonlyres/web/terms/B4FBF2BA-496F-4D06-8458-55D97AD72428/0/by.png" />
      <file href="NR/rdonlyres/web/terms/D3C8EBDA-4F25-4467-905B-0D209658732F/0/nc.png" />
      <file href="NR/rdonlyres/web/terms/D2F5636B-DA11-4D84-BC80-C7D7037F5B3F/0/sa.png" />
      <file href="NR/rdonlyres/web/terms/FA70B030-B68C-4D07-9207-412E9AD9C906/0/deedheadyellow.png" />
      <file href="NR/rdonlyres/web/terms/C36EA4CE-2281-43D4-9F0F-E7D081052AFD/0/freedomsheader.png" />
      <file href="NR/rdonlyres/web/terms/8A15D5BD-DF68-4D8F-86F5-B3BE02E4AF11/0/limitationsheader.png" />
      <file href="NR/rdonlyres/web/terms/A2863CFC-40A5-4D4C-A138-1B2D087888B5/0/deedfootyellow.png" />
      <dependency identifierref="webrenderrequirements.6-435Spring-2005" />
    </resource>
    <resource identifier="r_OcwWeb.web.terms.trademarks.index.htm" type="webcontent" href="OcwWeb/web/terms/trademarks/index.htm">
      <file href="OcwWeb/web/terms/trademarks/index.htm" />
      <dependency identifierref="webrenderrequirements.6-435Spring-2005" />
    </resource>
    <resource identifier="webrenderrequirements.6-435Spring-2005" type="webcontent">
      <file href="OcwWeb/style/common.css" />
      <file href="OcwWeb/style/courses.css" />
      <file href="OcwWeb/images/logo-ocw-home_new.gif" />
      <file href="OcwWeb/images/donate-button.gif" />
      <file href="OcwWeb/images/trans.gif" />
      <file href="OcwWeb/images/footer_rss_new.gif" />
      <file href="OcwWeb/images/cc_logo_new.gif" />
      <file href="OcwWeb/images/ocw-logo_new.gif" />
      <file href="OcwWeb/images/go_new.gif" />
      <file href="OcwWeb/style/global.css" />
      <file href="OcwWeb/images/horizontal_dots.gif" />
      <file href="OcwWeb/images/black-arrow.gif" />
      <file href="OcwWeb/images/rss-small.gif" />
      <file href="OcwWeb/images/bullet1.gif" />
      <file href="OcwWeb/images/body_bg.gif" />
      <file href="OcwWeb/images/red-arrow.gif" />
      <file href="OcwWeb/images/bg.gif" />
      <file href="OcwWeb/images/home-top-img.jpg" />
      <file href="OcwWeb/images/global-nav-pipe.gif" />
      <file href="OcwWeb/images/black-email-ico.gif" />
      <file href="OcwWeb/images/horizontal_dots_red.gif" />
      <file href="OcwWeb/images/mit-logo_new.gif" />
    </resource>
  </resources>
</manifest>
